{"cameraMode":{"drawMode":0,"name":"Shaded","section":"Shading Mode"},"sceneLighting":false,"audioPlay":false,"sceneViewState":{"m_AlwaysRefresh":false,"showFog":true,"showSkybox":false,"showFlares":true,"showImageEffects":true,"showParticleSystems":true,"showVisualEffectGraphs":true,"m_FxEnabled":true},"in2DMode":false,"pivot":{"x":50.152740478515628,"y":8.099205017089844,"z":22.31901741027832},"rotation":{"x":-0.055546440184116366,"y":0.8888359069824219,"z":-0.44128289818763735,"w":-0.11211909353733063},"size":18.561532974243165,"orthographic":false}